rule,count,total,mean,min,first_quartile,median,third_quartile,max
parsing,1561,28147477000,18031695.707879566,128000,2213000,12062000,26768000,88331000
rare_rewrite_bool-impl-elim,2341,26766205000,11433662.964545066,5878000,6735000,11467000,12235000,24704000
rare_rewrite_bool-and-de-morgan,2495,23577069000,9449727.054108217,5706000,6251000,10526000,11686000,21992000
resolution,32532,11682714000,359114.53338251566,156000,246000,322000,432000,957000
__normalized_input,6619,10774679000,1627840.9125245505,746000,946000,1162000,1712000,6033000
poly_simp,2764,7773480000,2812402.3154848046,1461000,1834000,2512000,3325000,7355000
rare_rewrite_arith-elim-lt,621,5719225000,9209702.093397746,5554000,6130000,7092000,11504000,23105000
forall_inst,4949,5566725000,1124818.1450798141,640000,777000,1200000,1354000,2056000
subproof,2914,5544402000,1902677.4193548388,1017000,1185250,1967000,2272000,4480000
aci_simp,3241,4982844000,1537440.296204875,933000,1074000,1527000,1934000,2525000
trans,17111,4621072000,270064.403015604,101000,177000,243000,337000,647000
rare_rewrite_arith-elim-leq,452,4077173000,9020294.24778761,5764000,6329500,7370000,11507750,20080000
cong,22166,3907180000,176269.0607236308,59000,107000,154000,221000,483000
rare_rewrite_bool-impl-false1,385,3793938000,9854384.415584415,5682000,6260000,10867000,11917000,24190000
rare_rewrite_bool-eq-false,325,3299506000,10152326.153846154,5699000,6490000,11037000,11857000,23295000
reordering,5142,2621375000,509796.7716841696,178000,295000,410000,604000,2274000
bind,7694,2576622000,334887.1848193397,153000,239250,314000,406000,695000
contraction,5021,2444466000,486848.436566421,173000,287000,410000,594000,1616000
equiv_pos2,9715,2373656000,244328.97581060216,56000,132000,211000,319000,717000
rare_rewrite_or-not-refl,261,2220505000,8507681.992337165,5938000,6363000,6899000,11584000,15666000
poly_simp_rel,1329,1879650000,1414334.085778781,933000,1028000,1207000,1835000,2275000
hole,2,1619274000,809637000,780142000,794889500,809637000,824384500,839132000
and_pos,3889,1558322000,400699.9228593469,96000,182000,303000,514000,1400000
la_generic,119,1430990000,12025126.050420169,5721000,8392000,11242000,15294500,24046000
implies_neg1,2917,1288281000,441645.8690435379,144000,257000,373000,538000,1454000
or_neg,3939,1182097000,300100.7870017771,128000,186000,248000,354000,992000
implies_neg2,2920,1111388000,380612.3287671233,127000,232000,332000,465000,1085000
rare_rewrite_bool-eq-true,90,1109371000,12326344.444444444,5770000,6746000,11331000,12523000,27830000
rare_rewrite_ite-not-cond,134,1050413000,7838902.985074627,5693000,5908750,6557500,9969000,13928000
sko_forall,436,875734000,2008564.2201834864,931000,1314000,1768500,2300500,5630000
implies,2899,823178000,283952.3973784064,115000,183000,251000,346500,769000
rare_rewrite_bool-or-de-morgan,95,781758000,8229031.578947368,5373000,5651500,6234000,11673500,14320000
rare_rewrite_ite-eq,83,767507000,9247072.289156627,5960000,6327000,7429000,11750000,24646000
rare_rewrite_eq-symm,4102,608429000,148324.96343247197,70000,101000,135000,181000,344000
or_pos,1678,586584000,349573.30154946365,176000,276000,336000,416750,655000
symm,3313,583921000,176251.43374584967,62000,102000,145000,223000,490000
refl,8833,576205000,65233.21634778671,21000,32000,48000,81000,254000
equiv_simplify,1675,542932000,324138.50746268657,147000,217000,295000,393500,942000
rare_rewrite_arith-elim-gt,65,522770000,8042615.384615385,5684000,6130000,6709000,11261000,11870000
qnt_rm_unused,407,467510000,1148673.2186732187,259000,451000,862000,1572500,3948000
onepoint,261,437392000,1675831.417624521,930000,1253000,1556000,2052000,3185000
rare_rewrite_bool-double-not-elim,2190,392729000,179328.3105022831,73000,115000,162000,220000,444000
evaluate,1266,334224000,264000,148000,203000,262500,304000,457000
equiv1,1272,328896000,258566.03773584907,76000,131000,198000,321000,1001000
__local_input,5489,285447000,52003.46146839133,15000,27000,44000,70000,142000
connective_def,677,275663000,407183.1610044313,211000,295000,385000,497000,824000
miniscope_split,326,235552000,722552.1472392638,280000,416500,542000,768250,2847000
equiv2,973,192155000,197487.15313463515,76000,127000,176000,247000,545000
rare_rewrite_arith-geq-tighten,14,167437000,11959785.714285715,6389000,11183250,11349000,12341250,22414000
implies_simplify,310,159906000,515825.8064516129,173000,268250,389500,638500,1561000
and_intro,635,153666000,241993.70078740158,84000,136000,193000,293000,775000
and_neg,402,153106000,380860.69651741296,149000,239000,328000,454750,1207000
rare_rewrite_bool-implies-de-morgan,17,148777000,8751588.235294119,5548000,6030000,10838000,11280000,11615000
rare_rewrite_bool-not-eq-elim1,16,134906000,8431625,5372000,5554500,6842000,10834250,13529000
qnt_join,336,129258000,384696.4285714286,205000,279750,357000,455250,777000
rare_rewrite_bool-or-and-distrib,11,110373000,10033909.090909092,6225000,6782000,11952000,12048000,12456000
not_not,535,100784000,188381.30841121497,98000,147000,182000,223500,343000
rare_rewrite_eq-refl,726,100310000,138168.04407713498,62000,91000,115000,167000,481000
not_and,295,92365000,313101.69491525425,139000,205000,262000,367500,849000
and,468,76680000,163846.15384615384,67000,108000,134000,193500,460000
la_mult_neg,183,65374000,357234.9726775956,208000,280000,335000,428500,639000
rare_rewrite_bool-or-taut2,5,49021000,9804200,6388000,8362000,10866000,11576000,11829000
equiv_pos1,435,48002000,110349.42528735632,40000,66000,96000,144500,271000
comp_simplify,21,45983000,2189666.6666666665,1364000,1432000,1699000,2801000,3575000
rare_rewrite_bool-not-eq-elim2,2,36016000,18008000,12881000,15444500,18008000,20571500,23135000
rare_rewrite_ite-else-true,1,29904000,29904000,29904000,29904000,29904000,29904000,29904000
not_or,74,27906000,377108.1081081081,246000,286500,340500,452750,589000
choice,460,25782000,56047.82608695652,29000,37000,52000,72000,110000
miniscope_distribute,37,24192000,653837.8378378379,283000,473000,606000,779000,1347000
rare_rewrite_ite-then-false,2,23735000,11867500,11723000,11795250,11867500,11939750,12012000
rare_rewrite_bool-eq-nrefl,2,23063000,11531500,11488000,11509750,11531500,11553250,11575000
rare_rewrite_ite-true-cond,1,18631000,18631000,18631000,18631000,18631000,18631000,18631000
rare_rewrite_ite-then-true,2,18551000,9275500,6880000,8077750,9275500,10473250,11671000
rare_rewrite_arith-leq-norm,2,18387000,9193500,6347000,7770250,9193500,10616750,12040000
rare_rewrite_arith-geq-norm1-real,2,17235000,8617500,5866000,7241750,8617500,9993250,11369000
rare_rewrite_eq-ite-lift,2,15021000,7510500,7281000,7395750,7510500,7625250,7740000
not_symm,118,13533000,114686.44067796611,57000,92000,113000,132750,206000
ite2,69,13370000,193768.115942029,82000,107000,173000,223000,604000
rare_rewrite_bool-impl-true2,1,12238000,12238000,12238000,12238000,12238000,12238000,12238000
or_simplify,19,12045000,633947.3684210526,413000,442000,543000,821500,899000
rare_rewrite_bool-not-ite-elim,1,11295000,11295000,11295000,11295000,11295000,11295000,11295000
rare_rewrite_bool-impl-false2,1,11280000,11280000,11280000,11280000,11280000,11280000,11280000
ite1,57,10729000,188228.0701754386,79000,103000,165000,205000,466000
not_equiv1,57,10092000,177052.63157894736,97000,133000,167000,203000,357000
not_equiv2,57,9883000,173385.9649122807,97000,133000,165000,205000,310000
la_mult_pos,18,7711000,428388.8888888889,214000,321750,372000,560000,927000
and_simplify,11,7499000,681727.2727272727,424000,456000,791000,834000,845000
rare_rewrite_ite-else-false,1,5710000,5710000,5710000,5710000,5710000,5710000,5710000
implies_pos,17,4755000,279705.8823529412,124000,173000,240000,331000,509000
miniscope_ite,1,4114000,4114000,4114000,4114000,4114000,4114000,4114000
true,85,4094000,48164.705882352944,33000,38000,42000,59000,75000
false,169,3116000,18437.86982248521,12000,17000,19000,20000,30000
la_disequality,17,2934000,172588.23529411765,69000,85000,119000,205000,673000
equiv_neg1,36,2043000,56750,31000,37500,56500,69500,102000
equiv_neg2,36,1942000,53944.444444444445,29000,38750,53500,62500,98000
not_implies2,11,1789000,162636.36363636365,106000,117500,138000,220000,257000
not_implies1,13,1694000,130307.69230769231,95000,99000,112000,147000,211000
ite_pos2,3,1014000,338000,318000,329000,340000,348000,356000
ite_pos1,2,688000,344000,343000,343500,344000,344500,345000
ite_neg2,1,526000,526000,526000,526000,526000,526000,526000
not_ite2,1,469000,469000,469000,469000,469000,469000,469000
ite_neg1,2,438000,219000,213000,216000,219000,222000,225000
